{
  "CHA": {
    "Home": {
      "avg_possessions_per_game": 97.74257425742574,
      "start_type_probs": {
        "Defensive Rebound": 0.4014721772015127,
        "Inbound": 0.5204619124797407,
        "Steal": 0.07192058346839546,
        "Home Won Jump Ball": 0.0061453268503511614
      }
    },
    "Away": {
      "avg_possessions_per_game": 97.51602564102564,
      "start_type_probs": {
        "Defensive Rebound": 0.39641741988496304,
        "Inbound": 0.5243714050944946,
        "Steal": 0.07349219391947412,
        "Away Won Jump Ball": 0.0057189811010682
      }
    }
  },
  "ATL": {
    "Home": {
      "avg_possessions_per_game": 97.76261127596439,
      "start_type_probs": {
        "Home Won Jump Ball": 0.0067990044314939595,
        "Inbound": 0.5249195653493596,
        "Defensive Rebound": 0.38675408243792875,
        "Steal": 0.08152734778121776
      }
    },
    "Away": {
      "avg_possessions_per_game": 98.04411764705883,
      "start_type_probs": {
        "Steal": 0.08396580170991451,
        "Defensive Rebound": 0.3805309734513274,
        "Inbound": 0.5287535623218839,
        "Away Won Jump Ball": 0.006749662516874156
      }
    }
  },
  "BKN": {
    "Home": {
      "avg_possessions_per_game": 98.34848484848484,
      "start_type_probs": {
        "Defensive Rebound": 0.3865660144815899,
        "Inbound": 0.5292867046680019,
        "Steal": 0.07619781235556924,
        "Home Won Jump Ball": 0.007949468494839008
      }
    },
    "Away": {
      "avg_possessions_per_game": 98.44753086419753,
      "start_type_probs": {
        "Away Won Jump Ball": 0.006709094899206822,
        "Defensive Rebound": 0.3855221494184406,
        "Inbound": 0.5331535881117346,
        "Steal": 0.07461516757061792
      }
    }
  },
  "BOS": {
    "Home": {
      "avg_possessions_per_game": 97.22191011235955,
      "start_type_probs": {
        "Defensive Rebound": 0.38883591921643407,
        "Inbound": 0.5241975094623097,
        "Steal": 0.0800034671058334,
        "Home Won Jump Ball": 0.006963104215422842
      }
    },
    "Away": {
      "avg_possessions_per_game": 96.67514124293785,
      "start_type_probs": {
        "Away Won Jump Ball": 0.006603746018759314,
        "Inbound": 0.5215498349063495,
        "Defensive Rebound": 0.3919001840867253,
        "Steal": 0.07994623498816586
      }
    }
  },
  "CHI": {
    "Home": {
      "avg_possessions_per_game": 96.67084639498432,
      "start_type_probs": {
        "Home Won Jump Ball": 0.006420649847590635,
        "Inbound": 0.5289902068876062,
        "Steal": 0.07584797976522473,
        "Defensive Rebound": 0.38874116349957843
      }
    },
    "Away": {
      "avg_possessions_per_game": 96.76100628930817,
      "start_type_probs": {
        "Away Won Jump Ball": 0.00669483262918427,
        "Defensive Rebound": 0.3856678583035424,
        "Inbound": 0.528956776080598,
        "Steal": 0.07868053298667534
      }
    }
  },
  "CLE": {
    "Home": {
      "avg_possessions_per_game": 95.17630057803468,
      "start_type_probs": {
        "Inbound": 0.5389754334821293,
        "Defensive Rebound": 0.3772736934803073,
        "Steal": 0.07767756824876257,
        "Home Won Jump Ball": 0.006073304788800826
      }
    },
    "Away": {
      "avg_possessions_per_game": 95.17492711370262,
      "start_type_probs": {
        "Defensive Rebound": 0.38428549548169705,
        "Inbound": 0.5337724000612651,
        "Steal": 0.0750497779139225,
        "Away Won Jump Ball": 0.006892326543115331
      }
    }
  },
  "DAL": {
    "Home": {
      "avg_possessions_per_game": 95.31212121212121,
      "start_type_probs": {
        "Inbound": 0.5331128986106254,
        "Defensive Rebound": 0.3890884812259562,
        "Steal": 0.07245731726703335,
        "Home Won Jump Ball": 0.0053413028963850825
      }
    },
    "Away": {
      "avg_possessions_per_game": 95.29003021148036,
      "start_type_probs": {
        "Defensive Rebound": 0.395009669953394,
        "Steal": 0.07342823626391047,
        "Inbound": 0.5262039884594655,
        "Away Won Jump Ball": 0.005358105323230082
      }
    }
  },
  "DEN": {
    "Home": {
      "avg_possessions_per_game": 96.73353293413173,
      "start_type_probs": {
        "Inbound": 0.5366306601875639,
        "Defensive Rebound": 0.381472654678263,
        "Steal": 0.07530409483425671,
        "Home Won Jump Ball": 0.006592590299916432
      }
    },
    "Away": {
      "avg_possessions_per_game": 96.74622356495469,
      "start_type_probs": {
        "Defensive Rebound": 0.37448084189488806,
        "Steal": 0.08062954751272523,
        "Inbound": 0.5380820035599413,
        "Away Won Jump Ball": 0.00680760703244543
      }
    }
  },
  "DET": {
    "Home": {
      "avg_possessions_per_game": 95.71428571428571,
      "start_type_probs": {
        "Home Won Jump Ball": 0.008310719131614654,
        "Inbound": 0.5257462686567164,
        "Defensive Rebound": 0.3915535956580733,
        "Steal": 0.07438941655359566
      }
    },
    "Away": {
      "avg_possessions_per_game": 96.06089743589743,
      "start_type_probs": {
        "Away Won Jump Ball": 0.008441493443662207,
        "Defensive Rebound": 0.38293683894431285,
        "Inbound": 0.5332488071802742,
        "Steal": 0.07537286043175069
      }
    }
  },
  "GSW": {
    "Home": {
      "avg_possessions_per_game": 98.53513513513514,
      "start_type_probs": {
        "Defensive Rebound": 0.37816117175928465,
        "Inbound": 0.5319545778704262,
        "Steal": 0.0833287618629656,
        "Home Won Jump Ball": 0.006555488507323496
      }
    },
    "Away": {
      "avg_possessions_per_game": 99.13424657534246,
      "start_type_probs": {
        "Away Won Jump Ball": 0.006024762325889896,
        "Steal": 0.08210811408357285,
        "Inbound": 0.5293223524209595,
        "Defensive Rebound": 0.3825447711695777
      }
    }
  },
  "IND": {
    "Home": {
      "avg_possessions_per_game": 96.68518518518519,
      "start_type_probs": {
        "Defensive Rebound": 0.3845368064866245,
        "Steal": 0.07996552384600651,
        "Inbound": 0.5298793334610228,
        "Home Won Jump Ball": 0.0056183362063461665
      }
    },
    "Away": {
      "avg_possessions_per_game": 96.7737003058104,
      "start_type_probs": {
        "Away Won Jump Ball": 0.006067309211565808,
        "Steal": 0.08418391531047559,
        "Inbound": 0.5310159582872491,
        "Defensive Rebound": 0.37873281719070945
      }
    }
  },
  "HOU": {
    "Home": {
      "avg_possessions_per_game": 99.03206997084548,
      "start_type_probs": {
        "Home Won Jump Ball": 0.006093970796043335,
        "Steal": 0.08354922279792747,
        "Defensive Rebound": 0.38500942063118226,
        "Inbound": 0.525347385774847
      }
    },
    "Away": {
      "avg_possessions_per_game": 98.486646884273,
      "start_type_probs": {
        "Away Won Jump Ball": 0.007110575474540524,
        "Steal": 0.08632118107863815,
        "Defensive Rebound": 0.3713166616450738,
        "Inbound": 0.5352515818017475
      }
    }
  },
  "LAC": {
    "Home": {
      "avg_possessions_per_game": 97.39655172413794,
      "start_type_probs": {
        "Inbound": 0.531923054227887,
        "Defensive Rebound": 0.3827226057709329,
        "Steal": 0.07842095946185165,
        "Home Won Jump Ball": 0.0069333805393284945
      }
    },
    "Away": {
      "avg_possessions_per_game": 97.10204081632654,
      "start_type_probs": {
        "Away Won Jump Ball": 0.007326007326007326,
        "Defensive Rebound": 0.3841650153125563,
        "Steal": 0.07671290458175704,
        "Inbound": 0.5317960727796793
      }
    }
  },
  "LAL": {
    "Home": {
      "avg_possessions_per_game": 98.6123076923077,
      "start_type_probs": {
        "Home Won Jump Ball": 0.007238915410777248,
        "Defensive Rebound": 0.38306967456082874,
        "Inbound": 0.5305001716122187,
        "Steal": 0.07919123841617523
      }
    },